,date,temp_degC,precip,RH,wind
0,2018-01-02,-15.8853625,0.7823193265824885,83.92291666666667,1.3510449870435133
1,2018-01-03,-8.004247916666667,0.7823193265824885,90.088125,2.0894951690249597
2,2018-01-04,-6.541718749999998,0.7823193265824885,90.56791666666666,1.6261786841172774
3,2018-01-05,-13.166999730191847,0.7823193265824885,86.93979166666666,1.1680430184300405
4,2018-01-06,-14.570241291705898,0.7823193265824885,85.396875,1.2127458440856034
5,2018-01-07,-10.667968749999998,0.7823193265824885,86.87270833333334,2.467116091131511
6,2018-01-08,-16.565293750000002,0.7823193265824885,82.00770833333334,1.9128087317215603
7,2018-01-09,-18.211170833333334,0.7823193265824885,79.23541666666667,2.136264377915934
8,2018-01-10,-16.084552083333335,0.7823193265824885,66.940625,4.301808848908215
9,2018-01-11,-23.447589583333333,0.7823193265824885,76.16520833333334,1.8345624640736127
10,2018-01-12,-21.16805,0.7823193265824885,79.18645833333333,0.7249730031052739
11,2018-01-13,-23.761722916666667,0.7823193265824885,77.363125,1.0437265898703842
12,2018-01-14,-20.364295833333333,0.7823193265824885,79.34479166666667,1.0461664068187295
13,2018-01-15,-5.878039583333334,0.7823193265824885,83.84020833333334,2.768382025864805
14,2018-01-16,-4.146964583333336,0.7823193265824885,93.361875,1.6556018964820847
15,2018-01-17,-5.793595833333334,0.7823193265824885,92.08770833333334,1.5888305222355972
16,2018-01-18,1.1789208333333316,0.7823193265824885,99.0113882751379,1.5496090387043993
17,2018-01-19,-4.71088440547582,0.7823193265824885,94.86625,1.0245435489377184
18,2018-01-20,-8.488309950104911,0.7823193265824885,91.69229166666666,0.7539443421701384
19,2018-01-21,-13.908372994484015,0.7823193265824885,86.80708333333334,0.8697996911754201
20,2018-01-22,-24.303469017209167,0.7823193265824885,78.66333333333333,1.0666727667578215
21,2018-01-23,-25.704854166666664,0.7823193265824885,78.04104166666667,0.6896702790856227
22,2018-01-24,-22.670450000000002,0.7823193265824885,80.50666666666666,0.7015528789836003
23,2018-01-25,-31.057848068181816,0.7823193265824885,74.50504924242425,1.0735184875060915
24,2018-01-26,-30.662706250000003,0.7823193265824885,74.440625,0.9390771983180627
25,2018-01-27,-31.385624999999997,0.7823193265824885,73.799375,1.0102619698792368
26,2018-01-28,-22.335995833333335,0.7823193265824885,80.42270833333333,1.3705866590993838
27,2018-01-29,-25.82657291666667,0.7823193265824885,76.74770833333334,1.225784656436759
28,2018-01-30,-30.323877083333333,0.7823193265824885,73.74958333333333,1.027475756965715
29,2018-01-31,-26.809091666666664,0.7823193265824885,76.42291666666667,1.2583014980577192
30,2018-02-01,-18.741683333333334,0.7823193265824885,79.49729166666667,2.922679846107392
31,2018-02-02,-23.824052083333335,0.8867606295557319,76.87708333333333,2.12497471735855
32,2018-02-03,-26.51172916666666,0.8867606295557319,74.9975,1.1034804265204174
33,2018-02-04,-20.000933333333336,0.8867606295557319,78.94229166666666,2.090009493239009
34,2018-02-05,-22.28421875,0.8867606295557319,77.61604166666666,1.0857975603252634
35,2018-02-06,-24.187825,0.8867606295557319,76.54020833333334,0.9191049380723916
36,2018-02-07,-11.599925,0.8867606295557319,82.71916666666667,2.118258247374488
37,2018-02-08,-19.832079166666666,0.8867606295557319,78.936875,1.7382041099277719
38,2018-02-09,-24.7780625,0.8867606295557319,75.965,1.41088343143339
39,2018-02-10,-20.568612499999997,0.8867606295557319,78.38979166666667,1.275303993077809
40,2018-02-11,-19.57335833333333,0.8867606295557319,79.16916666666667,1.45107060332125
41,2018-02-12,-17.8421375,0.8867606295557319,82.62645833333333,1.0234726857963703
42,2018-02-13,-8.138922916666669,0.8867606295557319,91.23333333333333,0.8977565723962887
43,2018-02-14,-4.165412500000003,0.8867606295557319,92.38583333333334,2.336614230015972
44,2018-02-15,-5.151735416666664,0.8867606295557319,92.90791666666667,1.5020063348564983
45,2018-02-16,-4.485014583333335,0.8867606295557319,92.82708333333333,1.3622049867998913
46,2018-02-17,-7.708287500000002,0.8867606295557319,89.23125,1.4493539397012984
47,2018-02-18,-12.254087499999995,0.8867606295557319,87.490625,0.9926605417631137
48,2018-02-19,-8.87018541666667,0.8867606295557319,89.451875,1.1180918249448548
49,2018-02-20,-6.122514583333331,0.8867606295557319,91.896875,0.9479375132531065
50,2018-02-21,-3.4627312499999987,0.8867606295557319,92.46229166666667,1.9112111009257577
51,2018-02-22,-5.550243749999999,0.8867606295557319,88.39125,1.6591047783401394
52,2018-02-23,-4.485012499999999,0.8867606295557319,93.77208333333333,0.8470613515312478
53,2018-02-24,-5.8432875,0.8867606295557319,86.05131829972566,4.721816579641659
54,2018-02-25,-16.8338,0.8867606295557319,79.453125,1.8760404770059722
55,2018-02-26,-15.097945833333334,0.8867606295557319,78.56395833333333,3.2675111513934176
56,2018-02-27,-14.796229166666668,0.8867606295557319,82.64833333333333,1.2414452518487968
57,2018-02-28,-12.716129166666674,0.8867606295557319,84.23625,3.0309589872174474
58,2018-03-01,-17.86161458333333,0.8867606295557319,83.46229166666667,1.57638819232172
59,2018-03-02,-24.173112500000002,0.8867606295557319,72.43458333333334,1.5657437481223329
60,2018-03-03,-17.8029125,0.8867606295557319,77.44958333333334,1.2198956136195356
61,2018-03-04,-11.985293586612032,0.8867606295557319,85.17666666666666,0.8001864665608301
62,2018-03-05,-10.034764583333327,0.8867606295557319,85.91,0.8511965059322792
63,2018-03-06,-13.56153958333333,0.8867606295557319,79.81161799305994,1.3279045318804255
64,2018-03-07,-7.402693749999997,1.2128639104260879,87.70979166666666,1.0183144771751063
65,2018-03-08,-7.818508333333335,0.8867606295557319,83.19625,1.6698703458166693
66,2018-03-09,-11.21122708333333,0.8867606295557319,75.54875,1.8291008712842836
67,2018-03-10,-4.075341666666666,0.8867606295557319,71.14666666666666,2.584742798997236
68,2018-03-11,-7.758587500000001,0.8867606295557319,82.5625,1.4435489097041994
69,2018-03-12,-8.50188333333333,0.8867606295557319,79.77125,1.8059131121903749
70,2018-03-13,-5.625237499999998,0.8867606295557319,77.4275,1.7316722790606494
71,2018-03-14,-5.125154166666666,0.8867606295557319,78.59,2.006512452387407
72,2018-03-15,-0.8430520833333309,0.8867606295557319,85.40916666666666,1.7326262347850343
73,2018-03-16,-4.278758333333333,0.8867606295557319,86.92625,1.6974893803360886
74,2018-03-17,-8.283983333333337,0.8867606295557319,85.84,1.5560882150326372
75,2018-03-18,-4.562824999999999,0.8867606295557319,89.25895833333334,0.6936399430698439
76,2018-03-19,-3.158704166666664,0.8867606295557319,88.25979166666667,1.2055779334042167
77,2018-03-20,-2.1522708333333362,0.8867606295557319,93.10125,2.0358590810421777
78,2018-03-21,-5.117604166666665,0.8867606295557319,89.30958333333334,2.3325535140727958
79,2018-03-22,-8.292756249999995,0.8867606295557319,87.92520833333333,1.7691658406961501
80,2018-03-23,-13.945693750000002,0.8867606295557319,82.98354166666667,1.7601722542030565
81,2018-03-24,-8.1788875,0.8867606295557319,73.22270833333333,2.8688771249672516
82,2018-03-25,-6.382918750000004,0.8867606295557319,62.34354166666667,2.9203800122863854
83,2018-03-26,-6.916720833333334,0.8867606295557319,51.66645833333333,3.316339985869282
84,2018-03-27,-7.364279166666665,0.8867606295557319,49.646458333333335,3.5760984288694795
85,2018-03-28,-8.743047916666665,0.8867606295557319,55.039791666666666,2.777850168589918
86,2018-03-29,-5.373497916666666,0.8867606295557319,61.78458333333334,1.3844476737675504
87,2018-03-30,-2.896908333333338,0.8867606295557319,74.75166666666667,1.359687686383278
88,2018-03-31,-4.178439583333334,0.8867606295557319,75.09875,1.575402659683472
89,2018-04-01,-8.756989583333336,0.8867606295557319,72.995,1.9768296669480316
90,2018-04-02,-3.0982020833333337,0.8028383187062615,82.215,1.7204946028060146
91,2018-04-03,-8.6424125,0.8028383187062615,61.741875,2.1370210529826092
92,2018-04-04,-10.966077083333332,0.8028383187062615,57.627291666666665,3.69196934290738
93,2018-04-05,-9.657262500000003,0.8028383187062615,51.853541666666665,5.5963568211414945
94,2018-04-06,-4.785631249999995,0.8028383187062615,48.14479166666667,4.445965138939859
95,2018-04-07,-2.7002916666666636,0.8028383187062615,52.911875,3.9978037529314925
96,2018-04-08,-3.555010416666667,0.8028383187062615,62.30770833333333,1.9834180530741141
97,2018-04-09,-1.2048166666666635,0.8028383187062615,58.52791666666667,3.2401223765859606
98,2018-04-10,-1.4261145833333349,0.8028383187062615,61.65604166666667,2.9411045842080776
99,2018-04-11,1.5370041666666705,0.8028383187062615,51.32270833333333,3.724377214240003
100,2018-04-12,4.394266666666669,0.8028383187062615,59.77041666666667,2.499841096472435
101,2018-04-13,2.8600812500000004,0.8028383187062615,69.18833333333333,1.7328897903405829
102,2018-04-14,2.6577407051845654,0.8028383187062615,70.93020833333333,2.4888009512973497
103,2018-04-15,-3.32191666666667,0.8028383187062615,65.3875,2.6334206111656067
104,2018-04-16,-5.266793749999999,0.8028383187062615,56.92166666666667,3.344489703034945
105,2018-04-17,-1.7135375000000022,0.8028383187062615,45.65229166666666,3.219884038373793
106,2018-04-18,-0.720177083333328,0.8028383187062615,53.745416666666664,3.2938727179525698
107,2018-04-19,1.2163562499999994,0.8028383187062615,48.533125,3.4231779174386947
108,2018-04-20,-1.0564729166666662,0.8028383187062615,42.624375,4.3310196278879936
109,2018-04-21,-4.475152083333334,0.8028383187062615,51.81458333333333,4.189860705821487
110,2018-04-22,-6.1869958333333335,0.8028383187062615,67.92333333333333,3.103945701811516
111,2018-04-23,-2.594095833333333,0.8028383187062615,63.424375,2.271281362843359
112,2018-04-24,2.785643750000002,0.8028383187062615,54.844791666666666,2.43267654065479
113,2018-04-25,5.905206250000003,0.8028383187062615,63.44520833333333,2.835780987811563
114,2018-04-26,5.67934375,0.8028383187062615,67.26479166666667,2.5450023822490473
115,2018-04-27,3.510437500000002,0.8028383187062615,61.65416666666667,2.45168643560425
116,2018-04-28,2.9736016174155324,0.8028383187062615,67.58708333333334,1.987987159646438
117,2018-04-29,2.056708333333338,0.8028383187062615,63.39375,1.8069763448124698
118,2018-04-30,3.849083333333334,0.8028383187062615,67.61333333333333,1.5253949788587418
119,2018-05-01,2.632839583333329,0.8028383187062615,91.32958333333333,1.8132953229857087
120,2018-05-02,1.646568749999999,0.7823193265824885,88.86958333333334,1.7445584165383532
121,2018-05-03,-0.018785416666666777,0.7823193265824885,77.361875,2.766241954061669
122,2018-05-04,0.8171041666666691,0.7823193265824885,60.3375,2.0116048106718
123,2018-05-05,3.8459562500000053,0.7823193265824885,59.7175,2.9053297254635178
124,2018-05-06,6.551110416666664,0.7823193265824885,56.413333333333334,2.5505764744864954
125,2018-05-07,3.9085020833333317,0.8256676229932045,61.681875,2.0987507160888255
126,2018-05-08,3.933135416666668,0.7823193265824885,63.049166666666665,2.2592446266712782
127,2018-05-09,6.462841666666666,0.7823193265824885,51.358125,2.424679705621666
128,2018-05-10,9.415697916666662,0.7823193265824885,51.00958333333333,3.6010688043024883
129,2018-05-11,12.826302083333333,0.7823193265824885,49.278125,3.612746984942599
130,2018-05-12,11.086999999999998,0.7823193265824885,59.07791666666667,3.2684275268356533
131,2018-05-13,5.499822916666666,0.7823193265824885,71.65354166666667,2.277134959122241
132,2018-05-14,6.775060416666666,0.7823193265824885,55.793125,1.891628347985099
133,2018-05-15,9.678477083333334,0.7823193265824885,48.702083333333334,2.6031380141303937
134,2018-05-16,6.978512499999998,0.7823193265824885,67.40979166666666,1.8335337359242259
135,2018-05-17,5.5075104166666655,0.9563898293567701,75.73479166666667,2.2000283053886154
136,2018-05-18,5.695281250000001,0.7823193265824885,62.540625,2.1217590285591768
137,2018-05-19,9.680683333333334,0.7823193265824885,54.97291666666667,2.951917731327005
138,2018-05-20,11.483235416666664,1.1077702082285674,67.34125,3.2600536296799816
139,2018-05-21,11.77592708333334,0.7823193265824885,58.130208333333336,3.118226668560923
140,2018-05-22,11.671414583333332,4.1319912000074295,71.70270833333333,2.539897118288005
141,2018-05-23,11.884560416666668,0.7823193265824885,63.004583333333336,2.2737730576065394
142,2018-05-24,11.316366666666669,1.0427477636124936,74.62083333333334,1.6173625965454934
143,2018-05-25,8.568310416666666,3.6748021363006584,89.87753639383546,1.775106292657853
144,2018-05-26,8.00595208333333,0.8690159194039206,85.47583333333333,1.7153544663956821
145,2018-05-27,9.336479166666662,0.9563898293567694,68.80083333333333,2.306914517639293
146,2018-05-28,10.776637499999998,0.7823193265824885,55.605,3.7179201931684043
147,2018-05-29,9.565677083333334,0.7823193265824885,51.211666666666666,2.740451896132145
148,2018-05-30,11.305743750000003,0.7823193265824885,47.24793649208429,2.13864577975239
149,2018-05-31,11.422412499999998,1.412901575932123,66.20125,2.2250052044164303
150,2018-06-01,10.407610416666662,0.7441760264741953,65.38125,1.8759877053010219
151,2018-06-02,9.450070833333335,0.8028383187062615,85.10520833333334,1.5860099473673175
152,2018-06-03,10.804981249999999,0.8028383187062615,66.97083333333333,1.9898830704864272
153,2018-06-04,13.686614583333332,0.8028383187062615,56.98083333333333,2.042570169858572
154,2018-06-05,14.519908333333332,0.8028383187062615,59.08895833333333,2.1478664946625967
155,2018-06-06,14.723897916666667,0.8028383187062615,60.72958333333333,2.9565248329481477
156,2018-06-07,13.632397916666667,0.8028383187062615,73.529375,2.7232225652886672
157,2018-06-08,14.09718958333333,0.8028383187062615,54.77166666666667,2.3626697644753274
158,2018-06-09,12.811662499999997,0.8424835288679788,61.56125,1.921996880167935
159,2018-06-10,12.874941666666672,0.6000000000000003,65.059375,2.2262292867223454
160,2018-06-11,10.468102083333337,0.8900000000000003,79.82583333333334,2.055350035837502
161,2018-06-12,5.918499999999998,1.5000000000000009,89.57227512060747,2.1487207350512896
162,2018-06-13,6.402643750000004,1.1299999999999997,74.15875,1.6142150976201943
163,2018-06-14,7.146566666666666,0.7699999999999998,69.041875,1.3781366762511726
164,2018-06-15,12.22834375,0.9,61.17541666666667,2.8037390466815455
165,2018-06-16,8.26439791666667,1.3399999999999999,55.735,2.6058126426654535
166,2018-06-17,10.404975,0.6400000000000001,78.96104166666666,1.086890876018033
167,2018-06-18,13.195604166666666,0.6799999999999998,73.93354166666667,1.5258163049753448
168,2018-06-19,13.7435625,1.0300000000000002,64.43333333333334,1.8998533718125192
169,2018-06-20,16.08950833333333,0.8600000000000001,63.86,2.1511324753813788
170,2018-06-21,14.739564583333332,0.9099999999999999,62.41458333333333,1.4993158510939866
171,2018-06-22,19.93239166666666,1.23,53.6475,1.7206730868521476
172,2018-06-23,16.56388125,1.9099999999999995,81.24686776776099,1.9065986545909572
173,2018-06-24,13.757675,1.0399999999999991,72.12395833333333,2.6588765381328088
174,2018-06-25,13.833849999999996,0.7499999999999999,60.14458333333334,2.157299729398681
175,2018-06-26,15.041583333333334,0.6199999999999993,57.56104166666667,1.8576927171127595
176,2018-06-27,16.90279166666667,0.6300000000000002,57.778125,2.348113945525214
177,2018-06-28,13.876087499999999,2.039999999999999,77.986875,1.8788611890629632
178,2018-06-29,12.841872916666665,1.2000000000000006,82.04083333333334,1.5922486590805012
179,2018-06-30,13.427414583333329,1.2099999999999995,82.57604166666667,1.5440182760708656
180,2018-07-01,14.100160416666668,0.8000000000000008,79.25666666666666,1.958681959749768
181,2018-07-02,14.718410416666668,2.309999999999999,88.10729166666667,1.481472526295832
182,2018-07-03,14.082345833333337,1.2000000000000006,87.52708333333334,2.2724388036173298
183,2018-07-04,16.372331250000002,1.0500000000000007,65.510625,3.221060559437917
184,2018-07-05,17.017364583333332,1.2399999999999995,56.233333333333334,3.0781266750656933
185,2018-07-06,16.524514583333335,0.5839837813701849,70.03333333333333,2.278515040554952
186,2018-07-07,15.966497916666667,0.8028383187062615,72.03375,2.15224841968031
187,2018-07-08,15.527391666666668,0.8028383187062615,69.74291666666667,1.9754575356232287
188,2018-07-09,18.160525000000003,0.8028383187062615,65.7775,2.4683168245507443
189,2018-07-10,14.00126875,0.8028383187062615,76.41916666666667,1.644160213095258
190,2018-07-11,15.602359943181819,0.8028383187062615,58.60403409090909,1.674673971464742
191,2018-07-12,12.772841666666668,1.878144957659512,81.32854166666667,1.8198249324881206
192,2018-07-13,10.46986852171011,0.7377901678212284,97.05453472222223,1.9712564552171534
193,2018-07-14,10.45599497584774,0.8028383187062615,97.05034375,1.9879686495817184
194,2018-07-15,12.424873278199149,0.8028383187062615,84.83324382576576,1.9357009490182053
195,2018-07-16,15.049157854139319,0.8028383187062615,71.96657142833295,1.9859736199395168
196,2018-07-17,14.402817469601471,0.8028383187062615,73.29499537585654,1.8705133130919456
197,2018-07-18,14.453013143565537,0.8028383187062615,72.82533236621111,1.9351848382935657
198,2018-07-19,14.215069144758276,0.8028383187062615,77.16621852364683,2.1286585914142586
199,2018-07-20,16.73862568900254,0.8028383187062615,65.43809375000001,2.36098988774533
200,2018-07-21,16.723969948294457,0.8893867220935007,65.41774652777778,2.3757665784424535
201,2018-07-22,17.013931250000002,1.130000000000001,65.31520833333333,2.255343503470821
202,2018-07-23,17.250303011363634,0.8959351254807396,65.02511837121212,2.090487390749494
203,2018-07-24,17.29710638888889,0.8028383187062615,64.93501736111111,2.0948110200567482
204,2018-07-25,17.228312906586023,0.7693867220935007,69.25984296594982,2.1197164792507652
205,2018-07-26,17.705558020833337,0.6899999999999996,69.62113194444444,2.0332544540271376
206,2018-07-27,17.695549375000002,0.40000000000000013,69.69375,2.0407436577432154
207,2018-07-28,17.332622916666665,0.9599999999999992,71.43169594510154,1.781654486060555
208,2018-07-29,14.257685416666666,1.0099999999999985,86.05895833333334,1.7389294546294798
209,2018-07-30,15.832772916666672,1.2300000000000006,69.05958333333334,1.6827121345025462
210,2018-07-31,18.148872916666665,1.09,63.415416666666665,1.8785148133659462
211,2018-08-01,19.672800000000002,0.96,61.823541666666664,1.6471973665092214
212,2018-08-02,17.493114583333334,0.6700000000000005,74.77729166666667,2.15857993037233
213,2018-08-03,14.204239583333335,0.5700000000000001,84.47416666666666,1.3365533179266196
214,2018-08-04,14.382306250000003,0.3669031932255217,84.07301136363637,1.3878509811600086
215,2018-08-05,14.737037499999998,2.1199999999999997,88.25,1.3321951709068145
216,2018-08-06,13.679154166666669,4.1099999999999985,95.01880154999503,1.8370085278797614
217,2018-08-07,12.89563125,2.930000000000001,96.52683903761132,1.5875322889041878
218,2018-08-08,11.573102083333335,1.1699999999999997,89.88020833333333,1.6156040401072023
219,2018-08-09,9.952308333333333,0.7199999999999999,81.80895833333334,1.5393988577831044
220,2018-08-10,8.97619375,0.8300000000000003,67.4225,2.2506363452170937
221,2018-08-11,10.145479166666666,0.30999999999999994,74.509375,1.7867853991523803
222,2018-08-12,9.520787499999997,0.8500000000000002,72.99145833333333,1.6547284070995125
223,2018-08-13,13.68116666666666,0.6799999999999999,75.30479166666666,1.573935295368524
224,2018-08-14,13.682789583333333,0.7000000000000002,79.001875,1.5463076673246434
225,2018-08-15,11.64223541666667,5.230000000000002,95.45318761407694,1.0132046686311942
226,2018-08-16,10.23419166666667,2.0900000000000007,96.60604423146665,1.6450696642960154
227,2018-08-17,9.619886684997105,0.12999999999999995,88.12942535890183,2.296754652661144
228,2018-08-18,10.098379166666666,0.41000000000000003,86.25604166666666,2.0932744797497236
229,2018-08-19,10.185431250000002,0.8200000000000003,86.505,1.6936989748912403
230,2018-08-20,10.207514583333337,1.1799999999999997,76.90854166666666,1.7369336832387836
231,2018-08-21,14.335997916666665,0.52,79.15458333333333,1.135346180506031
232,2018-08-22,14.500874999999997,0.7399999999999997,89.90333333333334,0.9404693351609781
233,2018-08-23,10.79938125,0.4900000000000009,81.985625,2.2285913885226454
234,2018-08-24,8.826956249999997,1.0199999999999998,85.627253139478,1.0410254342364067
235,2018-08-25,10.76464375,1.3800000000000001,92.47459065117836,1.0842310047490373
236,2018-08-26,10.0734625,0.5800000000000002,90.09666666666666,1.9551012005737722
237,2018-08-27,7.4719770833333365,0.8299999999999998,88.196875,1.2586554004427546
238,2018-08-28,11.063770833333335,1.929999999999998,95.5325,1.7838567839740502
239,2018-08-29,9.960304166666663,0.6299999999999998,93.18636787959468,2.5120256744205367
240,2018-08-30,9.29078125,0.6199999999999999,87.18125,1.9593839593095375
241,2018-08-31,6.667941666666665,4.329999999999999,91.45208333333333,1.8666925045076808
242,2018-09-01,5.203591666666668,1.3800000000000017,94.07787373227374,2.0945044638899626
243,2018-09-02,3.838287500000002,0.73,89.83645833333334,1.86562223977151
244,2018-09-03,9.175279166666666,2.3500000000000014,93.12767533335747,3.055098065430778
245,2018-09-04,9.442210416666668,0.5299999999999997,91.26291666666667,2.1961673479473767
246,2018-09-05,8.559985416666667,0.2799999999999999,87.56708333333333,2.284558671247336
247,2018-09-06,9.058237500000002,0.63,89.264375,1.7671521866421565
248,2018-09-07,8.832562500000002,1.6499999999999992,92.9525,1.262274624076447
249,2018-09-08,7.725693749999998,0.6699999999999997,85.308125,2.4753921446293754
250,2018-09-09,6.804212500000001,1.2700000000000005,74.14854166666666,2.6351237876330944
251,2018-09-10,3.804597916666669,1.3999999999999992,77.350625,1.5595174651167827
252,2018-09-11,4.219408333333334,1.0100000000000007,79.02916666666667,1.4714073647488854
253,2018-09-12,7.470672916666665,0.9000000000000001,76.71354166666667,1.5204360624952211
254,2018-09-13,9.443236805555557,0.22345159661276098,82.27361111111111,1.8069947482803064
255,2018-09-14,11.428543494435585,0.7900000000000001,80.43291666666667,1.7464936290451838
256,2018-09-15,6.041517508485009,1.3999999999999997,68.29458333333334,2.592054758277507
257,2018-09-16,9.2017,1.0699999999999998,60.24104166666667,1.4458660229425924
258,2018-09-17,8.657150000000001,0.23000000000000004,74.72729166666667,1.513620501883722
259,2018-09-18,8.482047916666668,0.5599999999999996,85.29104166666667,1.1141160380555277
260,2018-09-19,8.687610416666672,0.8100000000000002,79.86812499999999,1.2114300924242276
261,2018-09-20,8.966666666666669,0.540000000000001,91.90840738804715,1.1185160826793974
262,2018-09-21,6.887775000000004,1.1500000000000001,96.25395833333333,0.8808943309936109
263,2018-09-22,7.503075,3.8200000000000007,96.38104166666666,1.0194764694524379
264,2018-09-23,6.614814583333335,4.460000000000001,97.715,1.1814759544339732
265,2018-09-24,6.008952083333329,5.299999999999999,98.70779327438052,0.9164016597158889
266,2018-09-25,6.29355833333333,1.6400000000000006,96.35864489437847,1.8644334676907675
267,2018-09-26,7.1671729166666625,2.000000000000002,96.258125,1.7031436220364171
268,2018-09-27,5.6853750000000005,0.4400000000000003,96.66112269338473,1.3359757231288825
269,2018-09-28,3.9765999999999964,1.5699999999999998,86.11645833333333,2.0504033024692654
270,2018-09-29,2.989683333333334,1.329999999999999,79.05079200632407,3.077657656604147
271,2018-09-30,5.693747916666665,1.1799999999999995,67.20911430090638,2.6118391776785637
272,2018-10-01,4.452295833333332,1.4600000000000004,65.82604166666667,2.223843622884244
273,2018-10-02,9.877337500000001,0.9599999999999992,57.228541666666665,2.9888564324732125
274,2018-10-03,6.020904166666667,1.0400000000000003,56.36708333333333,2.382511033436808
275,2018-10-04,3.225872916666669,0.5,68.08333333333333,1.7445061196890272
276,2018-10-05,6.130195833333334,1.1899999999999995,58.512708333333336,2.873149427927554
277,2018-10-06,3.6534270833333315,1.080000000000001,64.62458333333333,2.0877310960910744
278,2018-10-07,3.6030541666666642,0.4799999999999997,68.66979166666667,1.1586020642523576
279,2018-10-08,0.6959833333333331,0.5900000000000004,57.35916666666667,2.5575476693069987
280,2018-10-09,-6.904891666666663,0.8699999999999997,69.535625,1.7401189466113742
281,2018-10-10,-5.662364583333331,0.2400000000000001,68.64708333333333,2.0050397851622614
282,2018-10-11,1.443566666666668,0.8600000000000002,59.286875,2.5419954585817015
283,2018-10-12,2.060943750000001,0.41999999999999976,94.95208333333333,1.2673057225663136
284,2018-10-13,0.47289583333333124,0.47,96.48770833333333,1.2513931833536556
285,2018-10-14,3.1769854166666676,0.23999999999999994,97.87376891691781,1.87267207420954
286,2018-10-15,3.168477083333336,0.4699999999999998,95.04222968117142,1.0601886320629432
287,2018-10-16,0.06806458333333391,0.29000000000000015,89.6875,2.3059484132580956
288,2018-10-17,6.258712499999997,1.27,91.3411431310437,2.1157600381047144
289,2018-10-18,1.9306979166666676,0.5999999999999995,97.1875,1.1140808790219454
290,2018-10-19,1.7407447258854087,0.3700000000000001,95.34605647044896,1.440604846008065
291,2018-10-20,0.8862374999999977,0.8100000000000005,88.88791666666667,3.0349717421307347
292,2018-10-21,1.444906249999999,0.25,94.85770833333333,1.4855709105875434
293,2018-10-22,-0.15274374999999907,0.21000000000000005,95.96563770767978,1.7369594246391955
294,2018-10-23,-0.6488833333333291,0.5100000000000001,92.38104166666666,1.6284056342864892
295,2018-10-24,3.1837020833333334,0.34,80.98708333333333,4.433889570778421
296,2018-10-25,5.152416666666664,0.9099999999999997,84.60333333333334,2.3114951211541124
297,2018-10-26,0.1328166666666668,0.5700000000000006,91.41229166666666,1.770634199803466
298,2018-10-27,3.3138135262353514,0.43000000000000005,88.66916666666667,1.9540369584257598
299,2018-10-28,0.26086234700331445,0.4599999999999999,95.161875,0.9874820070271872
300,2018-10-29,-1.8267145833333334,0.07999999999999992,92.87354166666667,1.4812917847296136
301,2018-10-30,-7.865472916666666,0.18672579830638036,84.931875,1.4376050948881152
302,2018-10-31,-14.357087499999999,0.8028383187062615,83.52625,1.377302363103284
303,2018-11-01,-17.90955208333333,0.8028383187062615,80.94791666666667,1.5617466897357533
304,2018-11-02,-12.116908333333335,0.8028383187062615,85.10229166666666,1.5702158216065942
305,2018-11-03,-12.881904166666667,0.8028383187062615,83.71125,1.9308000557691516
306,2018-11-04,-13.918545833333331,0.8028383187062615,82.8225,1.7931201059622883
307,2018-11-05,-17.2963875,0.8028383187062615,80.29,1.0783850988505843
308,2018-11-06,-16.914722916666665,0.8028383187062615,80.500625,1.3626505333510663
309,2018-11-07,-16.938577083333335,0.8028383187062615,81.21916666666667,1.4461365026305604
310,2018-11-08,-14.681010416666666,0.8028383187062615,83.69458333333333,1.1961161711542745
311,2018-11-09,-11.590093750000001,0.8028383187062615,87.23375,0.9421858183845386
312,2018-11-10,-13.770213463505067,0.8028383187062615,85.01949521738085,1.5124693204401463
313,2018-11-11,-7.818193749999998,0.8028383187062615,91.10979166666667,0.6973463257475279
314,2018-11-12,-7.008091666666663,0.8028383187062615,89.53104166666667,1.9300879255704544
315,2018-11-13,-3.9286874999999988,0.8028383187062615,91.25604166666666,1.6775967006945272
316,2018-11-14,-8.337097916666666,0.8028383187062615,83.84083333333334,3.365269834421481
317,2018-11-15,-9.7756875,0.8028383187062615,80.92375,2.2867640322132994
318,2018-11-16,-15.018949999999998,0.8028383187062615,80.25270833333333,1.9854045317936035
319,2018-11-17,-18.034275,0.8028383187062615,80.90520833333333,1.185791000725437
320,2018-11-18,-14.588870833333331,0.8028383187062615,83.925625,1.1180241928822838
321,2018-11-19,-11.909402083333335,0.8028383187062615,86.84166666666667,1.0058570968719536
322,2018-11-20,-6.248614583333334,0.8028383187062615,91.49854166666667,1.1590458966557728
323,2018-11-21,-7.315164583333335,0.8028383187062615,91.239375,1.0096008126610938
324,2018-11-22,-9.051414014735423,0.8028383187062615,90.63166666666666,1.1037021764082127
325,2018-11-23,-12.244303595883565,0.8028383187062615,87.16604166666667,0.6184180866431473
326,2018-11-24,-10.662985416666663,0.8028383187062615,88.39520833333333,0.7406638473008863
327,2018-11-25,-12.767629166666666,0.8028383187062615,86.15916666666666,1.1813831697467347
328,2018-11-26,-13.858845833333335,0.8028383187062615,84.81145833333333,1.1166392768306463
329,2018-11-27,-10.377574999999998,1.0823061339488376,87.88026021951283,1.2517169297756434
330,2018-11-28,-6.637197916666673,0.45,89.43208333333334,1.3628126823256002
331,2018-11-29,-11.245106250000001,0.4181449576595112,84.71833333333333,1.1765693768274037
332,2018-11-30,-10.60754846594079,0.8028383187062615,89.46354166666667,0.830028638892579
333,2018-12-01,-11.059960727298797,0.7317739491914135,88.11125,0.9306436185062273
334,2018-12-02,-14.509978280851925,0.8899999999999996,84.6225,1.450908763682384
335,2018-12-03,-6.15478125,0.72,90.61666666666667,1.9937451397383201
336,2018-12-04,-7.042168750000002,0.15000000000000013,91.05666666666667,1.096879360997843
337,2018-12-05,-7.179235416666665,0.03999999999999996,90.048125,1.372549196645422
338,2018-12-06,-8.876927083333333,0.6599999999999999,88.84604166666666,1.3692676255566367
339,2018-12-07,-7.415754166666669,0.37000000000000005,88.89166666666667,1.3853381610025128
340,2018-12-08,-5.54239637516659,0.42000000000000015,92.22125,1.4242687660630682
341,2018-12-09,-5.070225000000001,0.10999999999999997,92.84,1.2587688847634795
342,2018-12-10,-9.829264583333334,0.38000000000000017,89.34583333333333,0.9248776872802453
343,2018-12-11,-17.43772083333333,0.52,80.63875,1.631906439177529
344,2018-12-12,-16.133354166666667,0.94,81.30708333333334,1.2538237151509688
345,2018-12-13,-15.438637500000004,0.7699999999999997,84.86166666666666,0.9427156450948274
346,2018-12-14,-19.174539583333335,0.44005462120264976,81.56875,0.8282105915324981
347,2018-12-15,-22.51086875,0.7823193265824885,77.915625,1.422340586431379
348,2018-12-16,-24.073291666666663,0.7823193265824885,77.97020833333333,0.8670991002895158
349,2018-12-17,-24.473791666666667,0.7823193265824885,77.12583333333333,0.9427156450948279
350,2018-12-18,-23.859979166666665,0.7823193265824885,78.33770833333334,0.8460344913794647
351,2018-12-19,-19.251201478588168,0.7823193265824885,81.95047039525043,0.7299090832855925
352,2018-12-20,-15.918465759280084,0.7823193265824885,83.195,0.9524377722840827
353,2018-12-21,-21.66483511134307,0.7823193265824885,79.00895833333334,0.9945669901041843
354,2018-12-22,-28.027302083333332,0.7823193265824885,73.849375,1.1287863571336139
355,2018-12-23,-20.691102083333334,0.7823193265824885,80.39145833333333,0.8700697502640097
356,2018-12-24,-23.169677083333333,0.7823193265824885,76.475,0.8919445364398326
357,2018-12-25,-19.50170625,0.7823193265824885,78.11104166666667,2.3821305872816625
358,2018-12-26,-20.80709375,0.7823193265824885,77.65395833333334,1.9835233725222312
359,2018-12-27,-25.612679166666666,0.7823193265824885,75.86458333333333,1.2322189880637373
360,2018-12-28,-20.968306250000005,0.7823193265824885,79.22375,0.911658849906932
361,2018-12-29,-20.279197916666664,0.7823193265824885,79.291875,1.171995811308078
362,2018-12-30,-20.23252708333333,0.7823193265824885,79.074375,1.2627356650744523
363,2018-12-31,-18.018150000000002,0.7823193265824885,82.39979166666667,1.1576826796127864
364,2019-01-01,-5.371524999999998,0.7823193265824885,89.94791666666667,1.9530137792251065
